,f1,f2,f3,f4,f5
0,0.0,0.0,0.0,0.0,1.0
1,0.0,0.0,0.0,0.11102040566775,0.9938181269857017
2,0.0,0.0,0.0,0.24864298893971648,0.9685952013359989
3,0.0,0.0,0.0,0.39283175463742337,0.9196103590915465
4,0.0,0.0,0.0,0.5538325557146077,0.8326280683658376
5,0.0,0.0,0.0,0.7067170938588225,0.7074962538754112
6,0.0,0.0,0.0,0.8270924284394192,0.5620659345825757
7,0.0,0.0,0.0,0.918827442806405,0.39465951191608517
8,0.0,0.0,0.0,0.9677105049088962,0.25206423524365557
9,0.0,0.0,0.0,0.99358448028076,0.11309235405283645
10,0.0,0.0,0.0,1.0,0.0
11,0.0,0.0,0.1186569484932863,0.12468770563657247,0.9850753801802932
12,0.0,0.0,0.14424675727921044,0.4461816555318419,0.8832410788008546
13,0.0,0.0,0.15098659121731609,0.6182387753303256,0.7713519728053039
14,0.0,0.0,0.1350522393949654,0.2740817037795962,0.9521765131989335
15,0.0,0.0,0.14620127129564428,0.8856813564768119,0.4406741688151597
16,0.0,0.0,0.12287172088256777,0.9848128018154544,0.12266330171551335
17,0.0,0.0,0.11068073632851237,0.9938560130148524,0.0
18,0.0,0.0,0.11150261031276792,0.0,0.9937641409778475
19,0.0,0.0,0.15566078880311984,0.7760638669687174,0.611142040130403
20,0.0,0.0,0.1392611355964608,0.9515724643720372,0.27407331347891617
21,0.0,0.0,0.2600469485264259,0.1389565065247505,0.9555452233445215
22,0.0,0.0,0.2889382439049676,0.30719279097405866,0.9067233758885241
23,0.0,0.0,0.31318584173366604,0.49058721745165546,0.8131659182544587
24,0.0,0.0,0.2659859302757308,0.9538763117208486,0.13918141698224046
25,0.0,0.0,0.32820011389171183,0.6728803423976606,0.6629605795643317
26,0.0,0.0,0.29866214724845064,0.9047273607375016,0.3037586616606996
27,0.0,0.0,0.2404791904627708,0.9706542942543294,0.0
28,0.0,0.0,0.24070814345056962,0.0,0.9705975425873383
29,0.0,0.0,0.32277200055373795,0.8125889010537516,0.48530146666046053
30,0.0,0.0,0.4172829640946188,0.15192492051373782,0.8959875816122138
31,0.0,0.0,0.48834098362867034,0.5134528392960821,0.7056126880430754
32,0.0,0.0,0.4623960851124867,0.3263328121601971,0.8244372360466644
33,0.0,0.0,0.42710442259350073,0.8918762964735956,0.1487900668378621
34,0.0,0.0,0.3841881822118125,0.0,0.9232548080832198
35,0.0,0.0,0.47677322258065374,0.8142167128326541,0.33126792596634785
36,0.0,0.0,0.38588994276292804,0.9225448238836009,0.0
37,0.0,0.0,0.5058483874777661,0.6864276330500378,0.5224313480941457
38,0.0,0.0,0.6522522775694539,0.5124158636723202,0.5585668707168463
39,0.0,0.0,0.6312143286910616,0.3260769203108517,0.7037345474649394
40,0.0,0.0,0.5871485063367348,0.1501360015412302,0.7954343546438971
41,0.0,0.0,0.5945992729798091,0.7876288908162147,0.16153152919322514
42,0.0,0.0,0.6456411911788767,0.6804643153649453,0.34657721761252186
43,0.0,0.0,0.5325009672421505,0.0,0.8464293945074063
44,0.0,0.0,0.5366196999356844,0.8438242101533566,0.0
45,0.0,0.0,0.6736616707820907,0.7390398861489696,0.0
46,0.0,0.0,0.7766416680490683,0.2885571882787573,0.5599664887675141
47,0.0,0.0,0.7922220796431186,0.43691674720142143,0.42601400509943527
48,0.0,0.0,0.67860805953434,0.0,0.7345005796696403
49,0.0,0.0,0.7387920827750046,0.13840231309243703,0.6595688426234473
50,0.0,0.0,0.7395804288709674,0.6599312872567976,0.13233096890230261
51,0.0,0.0,0.7888298510360354,0.5520245175942786,0.27021546604380364
52,0.0,0.0,0.801507403171968,0.0,0.59798485153098
53,0.0,0.0,0.881406498440136,0.26160269365119554,0.3933021932076369
54,0.0,0.0,0.8042966494881005,0.5942279862327385,0.0
55,0.0,0.0,0.8896840754146982,0.3809417600928131,0.2516855605132789
56,0.0,0.0,0.8645728866441565,0.48940629686130027,0.11399649236840208
57,0.0,0.0,0.8676312090082836,0.11295683797562565,0.48420743272834266
58,0.0,0.0,0.9489190348532395,0.1430881614769999,0.28120889626455325
59,0.0,0.0,0.9139765809709255,0.4057669398025142,0.0
60,0.0,0.0,0.9495200650868216,0.28276048883333355,0.135860781509059
61,0.0,0.0,0.91807209239305,0.0,0.3964134623963308
62,0.0,0.0,0.9830129389025526,0.12677880668907104,0.13271283330809266
63,0.0,0.0,0.9679711773567496,0.0,0.25106134669954255
64,0.0,0.0,0.9682796052255692,0.24986917797962974,0.0
65,0.0,0.0,0.9932235590276903,0.0,0.11621945530920495
66,0.0,0.0,0.9934952557591178,0.11387351221476026,0.0
67,0.0,0.0,1.0,0.0,0.0
68,0.0,0.13285613378602804,0.9499366064461929,0.2827891289440239,0.0
69,0.0,0.17868644905201067,0.7240981717688438,0.548071965999647,0.3786424575394088
70,0.0,0.16799994461781168,0.3435173612290409,0.8575293798481421,0.3441151026036344
71,0.0,0.16805756713213743,0.17132261633975757,0.6862366667688851,0.6866472547400578
72,0.0,0.13397947400214655,0.0,0.9511309267710099,0.2782075856008032
73,0.0,0.1697578577373906,0.6831563567705164,0.687117952099317,0.1798571150755164
74,0.0,0.18083439117222586,0.5430609150007887,0.7313374034522704,0.37084952188127174
75,0.0,0.12193846158800276,0.12379670369676288,0.0,0.9847869758172917
76,0.0,0.10946145417051144,0.0,0.993991041232705,0.0
77,0.0,0.135722078160473,0.27498522135072556,0.9518207003099348,0.0
78,0.0,0.1472088480086841,0.0,0.881225343037234,0.44918977042767294
79,0.0,0.1538175551086832,0.3069514322408582,0.9262339956298012,0.1556006533576454
80,0.0,0.16607047774496492,0.16561870724894134,0.8344069306680517,0.49875456317097483
81,0.0,0.18241030687609286,0.725058477676062,0.3635136695579318,0.5557647847245882
82,0.0,0.13895115167330419,0.9700194723649818,0.14195625952187016,0.14001150332734824
83,0.0,0.1711717096785753,0.6770328911904354,0.16970928149224174,0.6953599570204059
84,0.0,0.15419575367627525,0.0,0.6187971013098218,0.7702686654400318
85,0.0,0.1546676829610441,0.15514361942281235,0.9251939082417939,0.3098783589606198
86,0.0,0.12416540073244561,0.983747659855438,0.12970541619339082,0.0
87,0.0,0.18326038885234777,0.3616488206840563,0.7332892891608161,0.545813685040548
88,0.0,0.1110810341002282,0.0,0.0,0.9938113522511323
89,0.0,0.1682434622595694,0.8287114759833457,0.16701598569120613,0.50698825184023
90,0.0,0.14921406057743192,0.0,0.447473785001588,0.8817609516543284
91,0.0,0.1557943904575034,0.6093002454113504,0.0,0.77748396693671
92,0.0,0.1564010386073955,0.924413689281223,0.15768905345321005,0.310051945023793
93,0.0,0.17348693018714556,0.8566541987997603,0.34733357874018517,0.339713487828371
94,0.0,0.12422027703629555,0.11879638907115395,0.9851176278580548,0.0
95,0.0,0.12511089024680344,0.0,0.9839407544650737,0.1273100814717903
96,0.0,0.11208416755965703,0.9936987166050174,0.0,0.0
97,0.0,0.16886735698952016,0.49285298928579085,0.16685786888571924,0.8371010681431187
98,0.0,0.1691471200108158,0.1660375178729442,0.5006189791918734,0.8325871919045627
99,0.0,0.1259374283737121,0.9834804013959816,0.0,0.130023321771962
100,0.0,0.14119869306865748,0.1362683705091047,0.9702728825060458,0.1416488395572148
101,0.0,0.17001925316052977,0.4966484128369049,0.8348641882015916,0.16563693682212413
102,0.0,0.13873057327406862,0.2679342169834253,0.0,0.9533966034177629
103,0.0,0.14163731938656438,0.13828027277443503,0.13673580967909363,0.9706290508066504
104,0.0,0.13997145262614205,0.9497955781811114,0.0,0.27981485328219485
105,0.0,0.15817031012268498,0.0,0.7646453977380758,0.6247396007247127
106,0.0,0.15812419669080757,0.15282346974739172,0.3099700852021456,0.9249650111193554
107,0.0,0.1584129219667124,0.924719450085142,0.3106564956602737,0.15261659966163235
108,0.0,0.15850419062431026,0.303030585199213,0.157064832940303,0.9264877356132618
109,0.0,0.17150404114123624,0.8315190198189231,0.5017414257193373,0.1655838919361705
110,0.0,0.15913221301236802,0.7606560902945072,0.0,0.6293482748682647
111,0.0,0.18791885646539838,0.539677074219272,0.36717821016409674,0.7339041633125909
112,0.0,0.15151472468034774,0.4332700086591065,0.0,0.888437047742594
113,0.0,0.1278508853160075,0.0,0.1208125051048767,0.9844076847191905
114,0.0,0.14154498702510832,0.0,0.2711090234354929,0.9520845099359171
115,0.0,0.15408431950153845,0.8821396914165978,0.4450703172659098,0.0
116,0.0,0.16134526936735005,0.6151834120633225,0.7716975272572186,0.0
117,0.0,0.19767589542642974,0.5549997435880801,0.5691969442702111,0.5735105610343882
118,0.0,0.17947345130200582,0.3393736329708683,0.3448483525601932,0.8565596483949158
119,0.0,0.19162448009654637,0.35793946932567844,0.5543637560736128,0.7265261322750448
120,0.0,0.15576895303841493,0.44586982344617065,0.8814398072525411,0.0
121,0.0,0.16461534561910585,0.7658307715322478,0.6216148464773219,0.0
122,0.0,0.15947733385580262,0.8804556020797992,0.0,0.44650298179580306
123,0.0,0.2656058705859472,0.9529873123571616,0.14583793743931944,0.0
124,0.0,0.3745211499022397,0.37969876452667595,0.7520529178266863,0.38727143618034554
125,0.0,0.34057390143242167,0.8547129595845092,0.1755377588510178,0.3502308804188321
126,0.0,0.3626215831961945,0.7225637341807306,0.18301489738982407,0.5593860784650222
127,0.0,0.3904672649375496,0.5841937275820275,0.5862299446284944,0.403221348252889
128,0.0,0.3761206135379345,0.7540654011374991,0.3792204564664387,0.38224403236228044
129,0.0,0.30056364715768147,0.9030177953681165,0.30695334377683403,0.0
130,0.0,0.36453157380603546,0.18688248970910934,0.7245872439704512,0.5542246770163931
131,0.0,0.34242622349463814,0.17466168437897261,0.8557262298695502,0.3463671418976494
132,0.0,0.3642267360956466,0.7286585828759907,0.549356750586742,0.186018049928068
133,0.0,0.33181237697770083,0.6515733609845656,0.0,0.6821676492913491
134,0.0,0.3651740991595629,0.5483220470151827,0.7284076389261038,0.1881837442878105
135,0.0,0.36423792019569684,0.5390509633169233,0.1855356116739287,0.7364314857740611
136,0.0,0.3086614215404809,0.9251398083720616,0.1576263400902298,0.15491416567788108
137,0.0,0.32474349100720123,0.0,0.8041598468676738,0.4978640434237195
138,0.0,0.3090733628958459,0.15691140728566824,0.9250639893009066,0.15527099635983502
139,0.0,0.33335599880437106,0.0,0.6613921954827853,0.6718884891227124
140,0.0,0.24267037910078007,0.0,0.9701088016851943,0.0
141,0.0,0.27185673594199566,0.1333080055463555,0.9530597519464438,0.0
142,0.0,0.32515444073230093,0.0,0.48878004722427737,0.8095484266598866
143,0.0,0.36545317389759263,0.17964470827724688,0.5451960765234919,0.7327571184366273
144,0.0,0.3448623119698244,0.3424101848032163,0.85608523976373,0.17590711578708704
145,0.0,0.2726227727262947,0.13256769200492793,0.0,0.9529441908252096
146,0.0,0.39442691190527507,0.5811901175355374,0.39413238319015964,0.5927099821706582
147,0.0,0.3450761916082478,0.33809994405447563,0.1753906972302943,0.8578163866122981
148,0.0,0.3048829385214464,0.0,0.9008092892062379,0.30917473745162344
149,0.0,0.30380067328033744,0.30059348092827815,0.9040733986451733,0.0
150,0.0,0.3463058327601472,0.8552373508442506,0.34499841636320316,0.17209717203978508
151,0.0,0.24558394098090755,0.9693753287206592,0.0,0.0
152,0.0,0.24559272416214548,0.0,0.0,0.9693731035254776
153,0.0,0.33014239029753395,0.8010499228919489,0.0,0.4993245669536334
154,0.0,0.3135843454916561,0.15102673173414433,0.1569299916556,0.9242449687627441
155,0.0,0.32944091770564365,0.4832454779485504,0.8111365420097533,0.0
156,0.0,0.3393916618666194,0.6585006510589315,0.6717069244919079,0.0
157,0.0,0.2784291759329902,0.0,0.13956287108803644,0.9502628052296586
158,0.0,0.3866653480394366,0.3693237319418652,0.3918516562976792,0.7486936416898704
159,0.0,0.30721995933844654,0.29264045593503185,0.0,0.9055260681693376
160,0.0,0.27992257912375135,0.9497094332170526,0.0,0.14034009461038563
161,0.0,0.33266513957579047,0.8062499228714693,0.4891778478025855,0.0
162,0.0,0.27950103635956736,0.0,0.9503799007061527,0.1365914163031149
163,0.0,0.31093190084548605,0.0,0.3078682316240612,0.8991876917492176
164,0.0,0.3325139136892871,0.46822399747218973,0.0,0.818657917199972
165,0.0,0.3125088889500158,0.8982793933745449,0.0,0.3089212290631486
166,0.0,0.35499838361077213,0.16931905019366736,0.3472438985530527,0.8513100973164424
167,0.0,0.5568744397441064,0.1933749847499019,0.5597712328736134,0.5823685606897212
168,0.0,0.5794906601128269,0.39065747234446113,0.5895600950859777,0.4049644532865194
169,0.0,0.4814868983181481,0.8138782336194771,0.32522697856790583,0.0
170,0.0,0.5097332201643369,0.0,0.6848875125642996,0.5206737360328271
171,0.0,0.5443277426688102,0.3595369383621703,0.19051378771824776,0.7335836661236951
172,0.0,0.5455542433449079,0.367486687722682,0.7297213003453323,0.18663045233105577
173,0.0,0.5108193191193872,0.5070453115187402,0.6942396382239128,0.0
174,0.0,0.5636563586237118,0.5619603405034401,0.18792263612425456,0.575479945711774
175,0.0,0.5466693987097393,0.7259655454870149,0.18319451745560186,0.37492181058759716
176,0.0,0.5863449529996003,0.586431030394598,0.39305722550954186,0.39724584347349384
177,0.0,0.5464637487846943,0.7299914926248611,0.36579752992364983,0.1862309293894615
178,0.0,0.39240661848985847,0.0,0.9197918491514014,0.0
179,0.0,0.5872055831255018,0.3880043777964576,0.393766511892158,0.5912614819767191
180,0.0,0.5681486813987243,0.565197278241151,0.5645532046990883,0.19758236651501876
181,0.0,0.5008408952973364,0.8318895198735894,0.16624510455454206,0.17169970743685292
182,0.0,0.4435874739524593,0.0,0.8830929236771777,0.15289552349160015
183,0.0,0.5480549082173268,0.18240107142614223,0.7284194101599327,0.3684709345711658
184,0.0,0.5151953969591934,0.678128288087987,0.5241333111403199,0.0
185,0.0,0.393939462279645,0.9191363881703434,0.0,0.0
186,0.0,0.44455741539130317,0.8825508667817776,0.0,0.1532079370115572
187,0.0,0.5167783894962524,0.668532895615837,0.0,0.5347932905610949
188,0.0,0.44203317013843013,0.14357851147849046,0.0,0.8854331637898992
189,0.0,0.44394193257937836,0.14971117797190356,0.8834603124577536,0.0
190,0.0,0.48897415708980263,0.0,0.8075690730992927,0.3297521279262139
191,0.0,0.4446006559680361,0.8829958162920377,0.15049466809010223,0.0
192,0.0,0.503438596490149,0.165466534619991,0.8306275980904456,0.17096256542113955
193,0.0,0.5165802506584902,0.0,0.5085507637770172,0.6888548216361876
194,0.0,0.488780481026352,0.32146682728833365,0.8110195560655863,0.0
195,0.0,0.491973089505867,0.8039205474469204,0.0,0.33417694803007597
196,0.0,0.5042462361514218,0.1647050954892115,0.16984911070978165,0.8305174558298644
197,0.0,0.5175729884334538,0.502546429339114,0.0,0.692506525602879
198,0.0,0.398455528567359,0.0,0.0,0.9171876535115955
199,0.0,0.4904221658434198,0.311587423330679,0.0,0.8138792151613145
200,0.0,0.4495905595654336,0.0,0.14800262321066548,0.8808879340031865
201,0.0,0.4951378195826502,0.0,0.3241491117210711,0.8060805747500553
202,0.0,0.6506864567898836,0.6781911953527212,0.34156088402548984,0.0
203,0.0,0.6765935592349601,0.5081582051670906,0.5329131206145421,0.0
204,0.0,0.6584612364036815,0.3355712675959725,0.673662173880772,0.0
205,0.0,0.6814856595497762,0.17295659650707754,0.18390170391857408,0.6869086364637873
206,0.0,0.5477282615920672,0.8366562923048699,0.0,0.0
207,0.0,0.7250673506969288,0.18673923056146,0.5507177925126487,0.3689386259700195
208,0.0,0.7250334718238053,0.18233271242999308,0.37010717430535894,0.5514543736708809
209,0.0,0.5507012807056905,0.0,0.8347024017151935,0.0
210,0.0,0.6822204489944235,0.0,0.5234172963402917,0.5104993563812463
211,0.0,0.6847173154332766,0.6850205399424931,0.17370605259945726,0.17814394486778493
212,0.0,0.728463039596616,0.5433203320784061,0.18616310732249974,0.3734808082939488
213,0.0,0.6155995236376888,0.7719117910368224,0.15871173036475833,0.0
214,0.0,0.6647949215530605,0.0,0.3369632837318451,0.6667109251346586
215,0.0,0.7292519062907544,0.3641270437657634,0.5490069328100856,0.1849176597736648
216,0.0,0.7308104712984302,0.5445552374494509,0.365828891112921,0.1885334740411608
217,0.0,0.7553241667138324,0.37576121222589737,0.3805419759753264,0.3787832085578412
218,0.0,0.7295932347047186,0.36293095468484937,0.182490739825077,0.5501563085912452
219,0.0,0.6871285552708866,0.17597818344375105,0.6841880244514695,0.16962539515171915
220,0.0,0.5560028333123416,0.0,0.0,0.8311803951902672
221,0.0,0.6670961079045984,0.0,0.6686680886854159,0.3284292465544581
222,0.0,0.667217235501446,0.3286955837793363,0.0,0.6684163177644374
223,0.0,0.6192537596430021,0.0,0.7697170953596396,0.15511406860477378
224,0.0,0.6878147637488996,0.5101059690109305,0.0,0.5164327169617211
225,0.0,0.6203986093769369,0.0,0.15636227226796234,0.7685417394614051
226,0.0,0.6218434133578485,0.7665470649699669,0.0,0.16036323284777312
227,0.0,0.6192032714273125,0.15172951129274886,0.0,0.7704319983337775
228,0.0,0.6208654450478562,0.15401794240737404,0.7686381284857825,0.0
229,0.0,0.6756906773375607,0.654390990757598,0.0,0.33943267340431116
230,0.0,0.8031683073231339,0.4919409559710186,0.3360279243604798,0.0
231,0.0,0.7672671663549118,0.6208802739279858,0.1606511154048221,0.0
232,0.0,0.8086873787413307,0.0,0.33034503848409413,0.48672053481789496
233,0.0,0.8320814014586537,0.5003476355737326,0.16927478943091911,0.16923011134397964
234,0.0,0.704551228996164,0.0,0.7096531305644997,0.0
235,0.0,0.8089749566876128,0.32434419011644755,0.490265607390505,0.0
236,0.0,0.8559942374814739,0.1713464552716114,0.34476453736302415,0.34503865209744816
237,0.0,0.8558632023198437,0.34437763515203335,0.34676527650278943,0.16928102768431974
238,0.0,0.7689649064592115,0.0,0.6209788060238168,0.1519154208874498
239,0.0,0.7716155698879332,0.0,0.15929144859220612,0.6158211158379651
240,0.0,0.8097936455261509,0.0,0.48922938926629195,0.3238654911280264
241,0.0,0.7707979250912101,0.15629603976062195,0.6176099955718264,0.0
242,0.0,0.8332512712134632,0.1675399190364664,0.4987406496977207,0.16994251642687142
243,0.0,0.8327793849722284,0.16790793908457918,0.16676649988548795,0.5004741296746412
244,0.0,0.7713518705855459,0.15524745287673855,0.0,0.6171827283061833
245,0.0,0.8115182035674083,0.32588512851531315,0.0,0.48501246199585885
246,0.0,0.8582818306625017,0.3422811551164631,0.17317024481955393,0.340892910333876
247,0.0,0.7753284978855888,0.6112312366004449,0.0,0.1589405416197131
248,0.0,0.7097308932470724,0.0,0.0,0.7044728945606868
249,0.0,0.8162549141493516,0.4764095756459932,0.0,0.32674429047779735
250,0.0,0.7145756276077044,0.6995581980286237,0.0,0.0
251,0.0,0.8823925604961212,0.4439777689051051,0.1557790419123963,0.0
252,0.0,0.8806539273770987,0.0,0.45033282530948293,0.14713601409604168
253,0.0,0.8291062726477283,0.0,0.0,0.5590910378965047
254,0.0,0.9027435385125999,0.0,0.30277351292160015,0.30558518214544284
255,0.0,0.8832318104012804,0.15101856823126475,0.0,0.44395378266735785
256,0.0,0.902836912894285,0.30501355761039056,0.3030713420786768,0.0
257,0.0,0.8841109549037548,0.0,0.15214736474380602,0.4418133076545863
258,0.0,0.8305564078329036,0.0,0.5569345144697924,0.0
259,0.0,0.8854679083194394,0.4380518967186933,0.0,0.15510357545057418
260,0.0,0.9254900738691203,0.1568696414993887,0.3079787172575171,0.15494885756919283
261,0.0,0.925291711382872,0.30938574560119286,0.1564223050764484,0.15377832012192225
262,0.0,0.9253594718381366,0.1555903817691614,0.15424178403714242,0.30937186852946286
263,0.0,0.8840541791081641,0.14804175737861638,0.4433191248679004,0.0
264,0.0,0.8333211414579983,0.5527891778961839,0.0,0.0
265,0.0,0.9075313165874055,0.2941164693459569,0.0,0.2998039557320734
266,0.0,0.9498619759606269,0.0,0.27993999792276675,0.1392688916706622
267,0.0,0.9162504671583447,0.0,0.0,0.4006058929073749
268,0.0,0.9521557695811592,0.0,0.1420489893745778,0.2705946693321426
269,0.0,0.9179300930435828,0.396742163482783,0.0,0.0
270,0.0,0.9522353163225761,0.27188648920852365,0.13901668724979416,0.0
271,0.0,0.918376981588973,0.0,0.3957066080918124,0.0
272,0.0,0.9522990147728905,0.13650692156843597,0.27293304458509776,0.0
273,0.0,0.9708150195907106,0.1393108359937862,0.1371500308797638,0.1389264472355083
274,0.0,0.9523128820658873,0.13085600934374508,0.0,0.275639038363569
275,0.0,0.953587507532913,0.26905474933160045,0.0,0.13520505663352972
276,0.0,0.9684974068891369,0.0,0.0,0.24902363913696549
277,0.0,0.983990747675298,0.0,0.12639483674788146,0.12564455313655448
278,0.0,0.9842526088052438,0.1226626657978498,0.12728186233488584,0.0
279,0.0,0.9699263392598098,0.0,0.24339863682868948,0.0
280,0.0,0.9848670688892581,0.11992626373699568,0.0,0.12511813571007946
281,0.0,0.9706792295640404,0.24037852086440856,0.0,0.0
282,0.0,0.9934967252865308,0.0,0.0,0.11386069051669895
283,0.0,0.9937668533143977,0.11147843402918942,0.0,0.0
284,0.0,0.9937864102831266,0.0,0.1113039565180728,0.0
285,0.0,1.0,0.0,0.0,0.0
286,0.12451861941158297,0.6138902263830314,0.7795087577258025,0.0,0.0
287,0.15857117941735097,0.7064556210290842,0.5623658434980604,0.39939991817890536,0.0
288,0.13182614300011128,0.8901172902843641,0.43624887112580024,0.0,0.0
289,0.1511408507066399,0.838432010360964,0.49999687497678214,0.15553563020477848,0.0
290,0.1270321872733722,0.2747466589343437,0.9530881894142632,0.0,0.0
291,0.1604019102829009,0.33855605336078104,0.0,0.8595584372330574,0.34757778826017094
292,0.16295695229472795,0.6785068867687908,0.690201929871208,0.19155869154960695,0.0
293,0.173293119582916,0.7316382194183714,0.0,0.5494938442374699,0.36432338071645
294,0.1402364041560281,0.4411027623866811,0.8864322331482686,0.0,0.0
295,0.17525788590808472,0.5512337965139821,0.7203505168845679,0.0,0.38278075687258184
296,0.15998603624777818,0.17229093714675142,0.5061100256473228,0.0,0.8298029543946474
297,0.11792202256633555,0.12500783454340508,0.9851230572353047,0.0,0.0
298,0.17575914140254215,0.0,0.7217154356015061,0.5572743823198382,0.37105365789601424
299,0.14825437988848475,0.6187851306504992,0.0,0.0,0.7714438417213048
300,0.13079073654240198,0.0,0.9530133492919436,0.0,0.27323861239958
301,0.14911674320251986,0.15914100453302635,0.0,0.3091072004587982,0.9256841125337614
302,0.14872281317622757,0.6154287778189079,0.0,0.7740342009712969,0.0
303,0.1664509832691708,0.351275562324023,0.8529575167279589,0.0,0.3483719623332814
304,0.11912389379598763,0.0,0.0,0.1260174060971088,0.9848497912308449
305,0.1494518783536528,0.7695872543156906,0.6208056008537629,0.0,0.0
306,0.13169735723881096,0.0,0.0,0.2700100725562423,0.9538083491008483
307,0.1498078897360923,0.1511210994690232,0.0,0.9264411012500042,0.3105268030022079
308,0.14383552605459934,0.8810340063597587,0.0,0.0,0.45065554593532886
309,0.1780362974870505,0.36615487015499265,0.7217674071096688,0.0,0.559719124090886
310,0.1991017439073362,0.20740978154338705,0.40380356514065197,0.6166929801789621,0.611532605075863
311,0.12053460621244907,0.0,0.984304880257312,0.12890039335412617,0.0
312,0.1330171811178871,0.27637202347201045,0.0,0.9518008899814276,0.0
313,0.16348031588153158,0.17055512242993554,0.8252932290719036,0.0,0.5129095656938509
314,0.13279793446311852,0.9529641246995287,0.0,0.27244097642974047,0.0
315,0.18442527506521192,0.18814269864247582,0.750254379224253,0.18592644384134316,0.5771822648002883
316,0.12043921851159504,0.0,0.0,0.9847323873396829,0.12568420731581523
317,0.1511505756679972,0.3146891053697972,0.0,0.15382522762753065,0.9243711753306287
318,0.15181353099863085,0.16143099493962978,0.9234351059987848,0.0,0.31330542715941245
319,0.16323980642056837,0.167416519677222,0.0,0.8306666684148839,0.5052893829514518
320,0.15157309904355742,0.3108109672974376,0.0,0.9247639892630191,0.15885119582902058
321,0.16299018980433647,0.0,0.48866665650368535,0.17087993701773177,0.8399042469078671
322,0.19224745354753064,0.3986298570164281,0.19470135386872206,0.39153949664390986,0.7828942195910458
323,0.1207004933472345,0.0,0.9848488433771229,0.0,0.12451564803058934
324,0.12098028761231691,0.12620664954830324,0.0,0.0,0.9845992340130236
325,0.1791888529954174,0.3685707096139282,0.5452985870262625,0.0,0.7312294017365779
326,0.2004564285166752,0.4068996402646344,0.20673156208716223,0.6115659206978004,0.6144095449265935
327,0.17389371101515996,0.17633996053367268,0.8818593079646607,0.17798008112253363,0.35960039942700944
328,0.192755206468201,0.391366820839455,0.19831595569596902,0.7837501038143636,0.3950746744765953
329,0.20049710144342517,0.6121567902739063,0.20412791274390538,0.40636760186422594,0.6150301974929913
330,0.18610105303272512,0.5677615132214808,0.18910893787222283,0.19175078178880925,0.755303058026899
331,0.185783496879132,0.18908620159071302,0.5654345071519329,0.18724815741594486,0.7582564515528648
332,0.2012525787547588,0.6111632983653037,0.206326823486361,0.6110594876771371,0.4123255591223823
333,0.1448177804169921,0.0,0.43675032002898667,0.8878496316548617,0.0
334,0.12149144206998298,0.9844739486059167,0.0,0.12669204402815032,0.0
335,0.12125231754506986,0.12390977191653041,0.0,0.9848574739085565,0.0
336,0.1368519928994563,0.14297754363993034,0.0,0.9705662975605777,0.1372225057841864
337,0.13459393245231596,0.9509286256033849,0.0,0.0,0.2786022655239523
338,0.21031772350777525,0.42483386712732163,0.4275407583205041,0.6379955413807454,0.4306428098472911
339,0.18604780896685602,0.18815521165920338,0.1862873336556497,0.7564179506776807,0.5684300680964711
340,0.16495477199608094,0.5032160511991296,0.8306134623092916,0.0,0.17217666869191947
341,0.16476983041385632,0.501064718715797,0.0,0.8321833763170918,0.17104349980380362
342,0.169438221747954,0.6825887976956907,0.0,0.6891944550141966,0.17428202847375535
343,0.21057549590657493,0.42700511299749017,0.42565557815415905,0.4308882583440423,0.6375556694165516
344,0.15218329749231968,0.15543338906432155,0.30596589477284375,0.9268579053793503,0.0
345,0.20165631056036482,0.20411797327710152,0.6101122198270997,0.41035801177030395,0.6140358025310919
346,0.18057463150668915,0.5427785145541585,0.0,0.7309167025990191,0.37221641615649026
347,0.17496006929067015,0.3559283437178353,0.17710895975413393,0.8828684473413769,0.17854889906106175
348,0.16922427721959293,0.6827006360005943,0.1684775911431299,0.0,0.6905782264787232
349,0.15285791166761506,0.3096809218606453,0.925147244041148,0.157590489304479,0.0
350,0.14579771038502257,0.44384480793617087,0.0,0.8841633413089397,0.0
351,0.17491912924195754,0.1800336452399615,0.1763257386486643,0.352677379764586,0.884035680557768
352,0.18684782317662244,0.18873955541265056,0.564122174214811,0.7583526464651883,0.1900860525004186
353,0.15256791582622373,0.0,0.15280705069967618,0.3101965736953638,0.9258245632864608
354,0.19413750923492723,0.19480264237774578,0.7825855437508035,0.39363521261117523,0.3961991218257819
355,0.18712158561353306,0.1869490197830931,0.7541464028764028,0.569258017208577,0.19298727696912887
356,0.16978025765900476,0.689418434128604,0.0,0.17337282810422597,0.6825091569115012
357,0.1943552891663953,0.39165964137974546,0.7820654536437084,0.19632601699067925,0.39831955532834695
358,0.16511077462861445,0.0,0.8300002033268161,0.16579469330021684,0.5063103931902541
359,0.14595244906786678,0.8845211039212955,0.0,0.44308046597536277,0.0
360,0.1531055173534589,0.15852866330218027,0.3086710241361519,0.0,0.9252835037577903
361,0.1808559703211205,0.5469405925947765,0.36735285968021325,0.0,0.7302047539259454
362,0.1374651336838461,0.14055988349254808,0.13830212691583765,0.9706795443731154,0.0
363,0.20225668924287146,0.4122549303580972,0.6079926825763403,0.20185609729681478,0.6154162152313485
364,0.13803220921294887,0.14340767087382575,0.9699323635079209,0.0,0.1400448477248466
365,0.17525695917401143,0.17483065434629289,0.17774485320827266,0.8840138523290104,0.35446511338962267
366,0.18797220512662013,0.7523203540328987,0.5699694185437231,0.18890946200069908,0.1952654913167876
367,0.15309349269221348,0.7702537830782749,0.0,0.0,0.6190892440907894
368,0.20260378157564943,0.20276419814548338,0.6089894454720943,0.6155791395398389,0.40991775505416733
369,0.1948506424319026,0.1974177627196161,0.389961402831086,0.39469877992557406,0.7843484120809648
370,0.1705496053869092,0.34961146246143554,0.0,0.33979085161267775,0.8562866544436373
371,0.15397452010744936,0.9237894550663207,0.0,0.3125678264719937,0.1587647433170369
372,0.1759898359705308,0.35388105437530964,0.8831533882557923,0.1779583627867193,0.17935074830027625
373,0.1571567071819749,0.1599802760353991,0.15640293481696954,0.1584754167063559,0.9487527311938249
374,0.13822697490849037,0.14073292660262013,0.0,0.1409750955785319,0.970161620145908
375,0.13539296218302102,0.27397962027388095,0.0,0.0,0.9521575045473764
376,0.1755993306653728,0.17492684551485016,0.3516838291993609,0.8848775075832194,0.17853782411881522
377,0.15328632680896126,0.31034929409503215,0.1517120443779019,0.0,0.9258347980384023
378,0.18162006385780108,0.3629630826158558,0.0,0.7262908312832662,0.5547734505689198
379,0.18807052668890475,0.7562683295735803,0.18875358771096373,0.19041696032893546,0.5663931099689269
380,0.1817196419194085,0.7280003373959739,0.364211305087232,0.0,0.5516734593386612
381,0.18798226279136154,0.18982635008318008,0.1874392013299708,0.5660368618447043,0.7570319957093751
382,0.17601691508297482,0.3550474038155291,0.17662806999811978,0.17643331617877792,0.8835344908261501
383,0.16601292433017534,0.17076977501410529,0.0,0.4930437204410103,0.8367707467584311
384,0.12313349135497192,0.9839888667834811,0.0,0.0,0.12885671636704008
385,0.17628364577175068,0.8834507646440702,0.17805108219158533,0.17794620042972556,0.3536548947296742
386,0.15349874193565147,0.9265601077361033,0.1532260625147019,0.3073211296713483,0.0
387,0.17609303932719272,0.1776414612971525,0.3520545693131648,0.17700720257760702,0.8843985431863262
388,0.15735639041597865,0.15913159600941912,0.15657298912164255,0.9490784434803934,0.1570067156050882
389,0.13826236137648226,0.1403015684084658,0.13808250725797308,0.0,0.9706349522441873
390,0.16646926003406085,0.8305254669557698,0.16953842061926241,0.0,0.5037580353061764
391,0.18213903344702417,0.0,0.7285011443301886,0.3685815694328315,0.5479590147803212
392,0.157892254959356,0.15893141749011647,0.9481596008374318,0.15880765760105683,0.15995105371800386
393,0.18843232249206054,0.7561093490282074,0.18927289370183115,0.5665630643009518,0.18966807330713148
394,0.20333111736545942,0.6127162904160326,0.4098472593786994,0.2013161406027634,0.6121537712718164
395,0.13854393799532727,0.0,0.9702569459833938,0.1412160198994618,0.139517281149968
396,0.1710437069769604,0.8576496246378514,0.3424354358170149,0.0,0.34339357006056964
397,0.1708876527067398,0.0,0.1693177632294509,0.6873006011994529,0.6853807619113824
398,0.13855847560367548,0.13975491152987296,0.9704499129159401,0.1396319449950741,0.0
399,0.18227642238691724,0.551835995442675,0.0,0.3649833823942336,0.7273509954290863
400,0.13872300508597868,0.9701773590375906,0.13975985029299706,0.0,0.1413471050882919
401,0.20387091249101644,0.4064760604427399,0.6118227292092865,0.613022259585017,0.20758256334097608
402,0.17138644449571735,0.8559246240633128,0.0,0.34457594746981784,0.3453797055278008
403,0.1665019448931302,0.833703486106336,0.0,0.16938638719650992,0.4985216659619335
404,0.1102145736248099,0.0,0.0,0.9939078165306384,0.0
405,0.16675330483854417,0.1689632104397038,0.8299742024779522,0.5047648879076468,0.0
406,0.18863208825674252,0.5635373861690709,0.0,0.5669896042488961,0.5704089220404185
407,0.17108604516281767,0.6858285440164311,0.17025415176903613,0.6865728636992978,0.0
408,0.1664801041342099,0.8339134160610351,0.0,0.49872834746412953,0.16775823340920148
409,0.18262406158731928,0.0,0.5420035675869136,0.3733725690034549,0.7303927091422594
410,0.15459269044908833,0.31331485679132626,0.9240572181771275,0.0,0.15509080600825942
411,0.18228653679932635,0.0,0.358594449397051,0.5554278643156414,0.7277922278405418
412,0.14709958288522587,0.0,0.0,0.43750477799247345,0.8871027459932412
413,0.135999908368529,0.0,0.9528779470077327,0.27115981086820395,0.0
414,0.15467105015364307,0.0,0.9251822493588847,0.15853948271084933,0.30818809863033375
415,0.18281016960300137,0.7302583745225208,0.0,0.37053331138335105,0.5440663686396507
416,0.19633691745175433,0.7837630246009,0.19698648030199523,0.39367968925753805,0.3916375428356073
417,0.17174638323707164,0.0,0.6779040866306169,0.6934345915482028,0.17348687679150687
418,0.19637919107552718,0.39205446537337585,0.39063895578659086,0.19899987840247968,0.7845564123191386
419,0.1547079818403904,0.3109780633154142,0.15377288509397932,0.92504701734633,0.0
420,0.15484797954780943,0.924819986997079,0.0,0.15499720516705306,0.31097582103933175
421,0.20485381005025316,0.6125295010459626,0.4087710041150008,0.610571716612674,0.20724616262730972
422,0.16726197498750536,0.5027113278498725,0.1674067352665273,0.8314323409406805,0.0
423,0.1473338802336155,0.0,0.43349457358558924,0.0,0.8890304732725165
424,0.18977431215547277,0.56784744987352,0.1899039066419572,0.7542329301036507,0.19132218247616142
425,0.171940801338197,0.0,0.33817338524216556,0.34726399765751986,0.8576029607457935
426,0.15875840028760715,0.948273247356762,0.15912386466240355,0.15791943853679682,0.15910583054277141
427,0.1773815260918614,0.17579218187515896,0.88323524442664,0.3552049909807222,0.17708139478186807
428,0.1775322580380843,0.883595112561904,0.17895032759378082,0.35264095222660946,0.17709633954264473
429,0.12351808481212781,0.984714339844189,0.12280452609560918,0.0,0.0
430,0.16706811694339252,0.0,0.4858909440526179,0.8406291698772282,0.17129166220270856
431,0.17219565789720015,0.0,0.6768991760703659,0.17208580712857827,0.6946528887304191
432,0.19704015861920213,0.3889453730314072,0.7841979429221797,0.3940235297577512,0.19918764269563358
433,0.19718582197440104,0.3919525787876948,0.3920392808353644,0.7838973086559431,0.19824514964562182
434,0.172291560336766,0.34377379686078624,0.34144795908718284,0.8576412338873631,0.0
435,0.15478478359921,0.0,0.6049681768836006,0.0,0.7810602894298737
436,0.214269207122251,0.4253679538413244,0.6391169247807408,0.4254993952895248,0.4285214484609896
437,0.16749617266189687,0.8355703660597603,0.1688369208770938,0.4952386189051858,0.0
438,0.20549858674763202,0.6089073086521434,0.6143497330742753,0.40781140866449184,0.20800596325437096
439,0.11105151527174821,0.0,0.9938146512080854,0.0,0.0
440,0.1966647336769508,0.19226246320397972,0.3885990384556274,0.7877436452990774,0.3909077440685918
441,0.15488330660759558,0.0,0.30028928269429456,0.15732034484695878,0.927948175886174
442,0.17243209983402433,0.17053740396134467,0.0,0.6809286885530137,0.6910284262622104
443,0.17278395253336196,0.34040326866747217,0.8562741170933872,0.34794533597016325,0.0
444,0.15570077167848523,0.9243206055913016,0.15407452275782185,0.0,0.3124895665698346
445,0.18350361574002944,0.3601114982732547,0.5432370915515096,0.735893738378296,0.0
446,0.19038287602475626,0.5536553036605151,0.5654397642188436,0.5809458135534361,0.0
447,0.15563563518826518,0.15442019207754418,0.9252446382411873,0.3096034766345725,0.0
448,0.20583203742498707,0.6108403463805615,0.6086206894313215,0.20068262268057135,0.4169107637772674
449,0.16792835300765854,0.0,0.16457404904464967,0.5014516871045729,0.8326233579099028
450,0.13950046864210175,0.0,0.1359702008885362,0.13783315349380051,0.9711095435206676
451,0.190764252980819,0.5643007056970043,0.7565776167185722,0.1883291911211617,0.19312208311487053
452,0.17301900990827046,0.34367786448969523,0.3409518885986414,0.0,0.8577305855169117
453,0.1842511131867749,0.3608400407101234,0.726487169595474,0.5550336789086839,0.0
454,0.13729581102007574,0.0,0.2710217302501747,0.0,0.952731379775297
455,0.16857201646008846,0.50564757087818,0.0,0.1664134523263609,0.8295845780970122
456,0.13710007454348258,0.9539150312162353,0.2669263620924325,0.0,0.0
457,0.16789849493251496,0.0,0.1667053394672571,0.8402235785522819,0.4878972875896115
458,0.15601372533566807,0.7688776242217858,0.0,0.6200700899720522,0.0
459,0.13733722710314009,0.0,0.2686590029338961,0.9533943707585991,0.0
460,0.18470464950741852,0.5349015785670178,0.7359562881257488,0.37166226021083226,0.0
461,0.1117747871113969,0.0,0.0,0.0,0.9937335643753822
462,0.149728351860564,0.0,0.8796244807287555,0.0,0.4514888631536622
463,0.19128977273561262,0.0,0.5555049642083342,0.5765371642160911,0.5678268713827509
464,0.15651207277960186,0.0,0.0,0.7689389225085974,0.6198684574371807
465,0.1563544382381123,0.0,0.9252639543574089,0.3107118131617217,0.15132109427270993
466,0.17390779966154377,0.17124459655876312,0.6817394374889085,0.6896830465790885,0.0
467,0.13800787469836293,0.0,0.0,0.952824793163209,0.27033079745883404
468,0.18576004654704759,0.727372228101343,0.5436499985255875,0.0,0.37532322869342233
469,0.18526942787845593,0.36547844409092706,0.0,0.5446499668553206,0.7317493830560864
470,0.14957202436409978,0.0,0.0,0.8855129200448905,0.439880754251873
471,0.17450041907042915,0.6864901921045252,0.683555628034207,0.0,0.17616050428883728
472,0.14087899321967617,0.9705143951458501,0.14041883057984175,0.13615237824836057,0.0
473,0.14131225222262606,0.9698837799372995,0.0,0.142809594894314,0.1377015627813529
474,0.11233918817970338,0.9936699184332417,0.0,0.0,0.0
475,0.16949359226977387,0.16455868362887036,0.4972045166668651,0.8348532987464863,0.0
476,0.18591202810573998,0.5460541943031769,0.3632871587931136,0.7316310374400103,0.0
477,0.17483007614478033,0.8572529175087872,0.34505430797443887,0.33983732056112353,0.0
478,0.1699481536667746,0.49754700001181584,0.1667297780420879,0.0,0.8341257632746591
479,0.1858743473590315,0.0,0.5317212803395199,0.7406842840011008,0.36621031998256465
480,0.18628577950387287,0.7293778093058388,0.3615603484104044,0.5500724807733947,0.0
481,0.15731942347344635,0.9261266049855681,0.3072462409837321,0.152117908009723,0.0
482,0.12581278111811997,0.0,0.12352729317094556,0.0,0.984333354077359
483,0.18091047772173346,0.8821549465602948,0.3568232184700983,0.1769092959361925,0.1745117219034264
484,0.1261187916430873,0.0,0.12418756113691802,0.9842111054308175,0.0
485,0.21831476339366684,0.6402513026785057,0.42695298522388536,0.4218885638485838,0.4267764304703763
486,0.15137248891455268,0.4465109226317215,0.0,0.0,0.8818811516130631
487,0.1585874356366031,0.924216741650532,0.31184476559925756,0.0,0.15305646631039196
488,0.17069826308751596,0.5006195277354448,0.8331930437090271,0.161342937074211,0.0
489,0.172023988684299,0.8296043693792681,0.5028318219952611,0.0,0.17124396752264695
490,0.20177210180908114,0.7840271302517325,0.3913514474856586,0.19591250513800995,0.3912183697657967
491,0.2017759380293616,0.7827555983887,0.39525407500110693,0.3921592366829647,0.19122105873248643
492,0.15908459426004742,0.0,0.0,0.610004177733212,0.7762647712070566
493,0.17736521974173805,0.0,0.8546483565746888,0.3501064343652005,0.3399165339406636
494,0.18798556279571643,0.0,0.35461983101440087,0.7431499251364012,0.5353824730054737
495,0.16041080867491797,0.0,0.6077816705176385,0.7777337677142786,0.0
496,0.17341780735603055,0.0,0.8299251432960237,0.5048799837756232,0.16200840286734375
497,0.15357177229097405,0.0,0.8848079816633597,0.43992106830682826,0.0
498,0.14499943932340884,0.0,0.13997624712509527,0.9693313546691876,0.14063618912594583
499,0.1622046713407465,0.0,0.7619421611598234,0.0,0.6270038178849777
500,0.1631317522220291,0.0,0.7670178603065175,0.6205414034436237,0.0
501,0.1700076810830207,0.0,0.3036701519113036,0.9243030790512619,0.15667049903315
502,0.18452459589391748,0.0,0.1589850548453748,0.9228111806757492,0.29848609794399067
503,0.29975189313957146,0.7717221855481688,0.5007399931059238,0.25269176915024405,0.0
504,0.30613108927702626,0.0,0.3155212235753338,0.8425186488561353,0.3112755049489406
505,0.29188563702987114,0.6104839630731228,0.7362826262558422,0.0,0.0
506,0.3077684004511124,0.7366063432043598,0.598292662730805,0.06881567087043404,0.0
507,0.2938845912320638,0.847285870824044,0.44242343986084676,0.0,0.0
508,0.35112650338266765,0.3602233829595555,0.0,0.7769940464833565,0.3784567937306116
509,0.28240150077956233,0.0,0.9104290415044586,0.0,0.30227198471364114
510,0.36994552766955596,0.6089634478940761,0.0,0.5786669958415805,0.3967975977875028
511,0.28312016717965893,0.2805387486614161,0.9171373841664336,0.0,0.0
512,0.25784934016112915,0.1305918273977674,0.9573189084079464,0.0,0.0
513,0.3778244674080747,0.5876776941465152,0.41040095769300433,0.0,0.5860500435586579
514,0.35177272018031525,0.17983586676192934,0.7265890805579257,0.0,0.562123938626452
515,0.35309335776213563,0.1809428849353158,0.5480415470004044,0.0,0.7363662240060642
516,0.38019089334793826,0.39028305546803305,0.5901437058111203,0.0,0.5957049837976437
517,0.3426523144731476,0.175197795304752,0.1767070587999269,0.888306610663256,0.17771073329652037
518,0.2350200645633976,0.0,0.9719905191166303,0.0,0.0
519,0.3238107829628503,0.661663969485318,0.0,0.6762746249283037,0.0
520,0.33524594427913323,0.17690696021045907,0.855600619142532,0.0,0.3525076804786006
521,0.29254237085316487,0.0,0.0,0.30009781351412057,0.907942874623538
522,0.26471701591768476,0.0,0.9547652347631658,0.0,0.13545570483103772
523,0.35629187232328974,0.7292545332469804,0.0,0.5556918228102498,0.1801402939847588
524,0.316493830281614,0.0,0.0,0.8145869717493478,0.48608612493044906
525,0.35759515098277467,0.0,0.7294495656730189,0.18688076725578656,0.5523627593918142
526,0.370773762368739,0.380479756969943,0.7521070185678843,0.0,0.38999615933487264
527,0.31665666556658206,0.0,0.4833538361706002,0.0,0.8161480412348109
528,0.33453335263581246,0.3383449384322314,0.0,0.8626533996706275,0.17157870103320294
529,0.26682442307407456,0.141310900106966,0.0,0.953328881741315,0.0
530,0.33748832733725104,0.0,0.8556537854555727,0.1798061961236111,0.34875200383970706
531,0.29537699539800183,0.3064650108308228,0.0,0.0,0.9048931581828389
532,0.38511307719389304,0.19648321320352083,0.7833523817845651,0.19976051479451887,0.39942089002072473
533,0.4004691550339702,0.2048276808168941,0.6108698873937957,0.20786166146014057,0.6174962246103793
534,0.35801246414007015,0.0,0.5427278344579253,0.1877443289849772,0.7362239062669363
535,0.2951905250674567,0.0,0.302148006004003,0.0,0.906404510347452
536,0.30169157976570893,0.15347351676181578,0.0,0.9286458010447737,0.1518059503219228
537,0.38596531959617597,0.5807441649096607,0.5941469629178198,0.40094435205890316,0.0
538,0.3584919941382514,0.18190693779555117,0.0,0.5458794065855997,0.735125179535009
539,0.26768402848234085,0.13869019915678665,0.0,0.0,0.9534727523916539
540,0.3276286716370923,0.0,0.659840265777841,0.0,0.6762176256055016
541,0.42048241389831376,0.42505144362736375,0.2188541834744042,0.6405611264509143,0.4293135212501798
542,0.3196995461546433,0.8093014170351146,0.0,0.4927711604522635,0.0
543,0.33803368712042486,0.34550048402502803,0.0,0.1725646594132067,0.8582447670867828
544,0.33572042880717534,0.16116444282158132,0.0,0.8621422412765254,0.34355286617669906
545,0.3587934338814318,0.0,0.5336698564638015,0.743466957398056,0.1836318037888681
546,0.3588406871107911,0.0,0.18286799130614695,0.7427036989271957,0.5349615636934787
547,0.2685175735629008,0.0,0.9531854068790295,0.13905356090640345,0.0
548,0.29718838174466417,0.30345145809391777,0.0,0.9053155683719698,0.0
549,0.3603548275323822,0.7281375220283555,0.1843610488775425,0.0,0.5531465908285843
550,0.33845831772503854,0.0,0.3399894892096894,0.1770279987842504,0.8593684902509021
551,0.3043221315388729,0.15609553696902018,0.15449979294375757,0.0,0.9269045460964824
552,0.3049300588296426,0.15523906367207635,0.9262283605589858,0.0,0.15817558733439574
553,0.3198065329004095,0.0,0.812892966467414,0.0,0.4867533323789645
554,0.3874044954188831,0.5846969156520053,0.5917039546272898,0.0,0.39740873648511893
555,0.3601862884505304,0.18212049155703913,0.0,0.7313620718703319,0.5497340120429053
556,0.29897501744083615,0.9014290682894697,0.0,0.0,0.3131127173862957
557,0.2390306128966605,0.0,0.0,0.971012031901895,0.0
558,0.37294365521643624,0.3774438594983032,0.0,0.3790165536737967,0.7581527649504863
559,0.33789646306832594,0.17161430318800378,0.0,0.33980061461453814,0.8607613220253298
560,0.2986846682790444,0.9027665411217165,0.0,0.309515817311764,0.0
561,0.33881460556945875,0.17124096019089938,0.3442443764565812,0.0,0.8587065889369492
562,0.33968245743263753,0.8563026882123104,0.17284405543028594,0.0,0.34854908804257045
563,0.38814003674212905,0.0,0.5876561363400474,0.39715671879587844,0.5884506079655266
564,0.2692356938468271,0.0,0.13800372130830907,0.0,0.9531354122389307
565,0.40351776814727447,0.20434832253942628,0.20201660617862233,0.6167794839694346,0.6117086993391825
566,0.30528954780151135,0.15446488026284216,0.0,0.15567294528384487,0.9266632758856841
567,0.3866411500596886,0.1908484208124242,0.19520193812854184,0.7897141698307388,0.39029890426868147
568,0.33893341489202317,0.3353150776532363,0.8612354816663867,0.17595847262039518,0.0
569,0.33952296459937703,0.0,0.17081317443213984,0.34566508118659267,0.8579409464516377
570,0.42117636369007366,0.20947721825560725,0.4227186750556398,0.6479293178835128,0.42453066613250656
571,0.38836203164242467,0.19729734683450836,0.19499892233763308,0.3938813330500597,0.785545418847632
572,0.42236340705495234,0.2124598235425655,0.42431380216992715,0.43311526004159223,0.6394051490005367
573,0.3049485679514017,0.15231344588745016,0.9274095482217823,0.15400816528142122,0.0
574,0.24006751827895906,0.9707561932160833,0.0,0.0,0.0
575,0.42294880238946253,0.21245071294997447,0.6364681220203126,0.4338419083570358,0.4273973950896623
576,0.37485885568101374,0.0,0.37749597516853894,0.3828625418784213,0.7552442658342192
577,0.3884265044228237,0.0,0.5787619886179918,0.6021076178311779,0.3893916123165443
578,0.35112392856809727,0.17625522208744285,0.8838329741463044,0.17835079689856906,0.18076601044210622
579,0.36279153991293295,0.5495923044669325,0.18762385903408807,0.0,0.7287852118144866
580,0.362576028406368,0.0,0.18413983188743416,0.5550603788005479,0.7256301549848408
581,0.330420490429542,0.0,0.0,0.6678760507305025,0.6669062005746597
582,0.3220334949029635,0.8089071474550783,0.0,0.0,0.4918980127594248
583,0.36302328932917377,0.5447836047904068,0.0,0.731710888537745,0.1898001342241375
584,0.40457953258006646,0.20230068052286035,0.609424583276115,0.61839656025665,0.20390489949670038
585,0.40557766306422605,0.6128316754049317,0.2066011005973175,0.20547382851275928,0.6124055746578665
586,0.38956101606712035,0.1972140309809669,0.39173244684934405,0.19820138788700647,0.7852456562567418
587,0.29854851019149575,0.0,0.29818575598749436,0.9066168110004386,0.0
588,0.3511539493951415,0.17825947000081915,0.17688924027204203,0.1771221124454305,0.8844503485996654
589,0.42338159764156813,0.42661803310886526,0.21199425804155303,0.42837904853588143,0.6405426620746668
590,0.32141664699368394,0.0,0.0,0.47938438072630135,0.8166284066520085
591,0.33099959938399015,0.6663042125995842,0.0,0.0,0.6681900638887757
592,0.37576993686655796,0.3788626508121978,0.38098607160574777,0.0,0.7550560638848468
593,0.3885484081266155,0.19243312675147958,0.3879025885500184,0.7891637183217622,0.1968548545291366
594,0.3400870618531639,0.17070188923980034,0.34022672119686564,0.8599112940028613,0.0
595,0.3633579229672776,0.0,0.724355490888274,0.5562504291278761,0.1840260925302912
596,0.3423801064348538,0.3412651405385242,0.8562143292488488,0.0,0.18223882396411403
597,0.3901245895939566,0.3946156514050047,0.1957414853023296,0.19735509921256403,0.7841030085433849
598,0.27089982060197065,0.9525696997455347,0.0,0.0,0.1386515572379981
599,0.26960923699928,0.0,0.0,0.953931502394648,0.13162654771646942
600,0.36366398488263324,0.5524486979367459,0.0,0.1846900597558123,0.726937771803524
601,0.3185354059661477,0.4458204354984055,0.8365281432432464,0.0,0.0
602,0.36357335054541734,0.7305347408830325,0.0,0.18544148372736952,0.5474896046950403
603,0.30723114601070695,0.0,0.1530113024336187,0.15770425350927467,0.9259189665805523
604,0.38975373416603243,0.0,0.38696359193189633,0.5995606820648101,0.5821324537807341
605,0.34117152209074386,0.3434228640833315,0.1713779545129121,0.8580747785863753,0.0
606,0.2709801486125321,0.0,0.0,0.13696725195926715,0.9527904968820043
607,0.2719871184257478,0.9517765028813014,0.0,0.14193130723521988,0.0
608,0.3908745739234884,0.5833200910832564,0.39796141739471796,0.5904078667022824,0.0
609,0.323016776380651,0.4870477388675279,0.0,0.8114460316254439,0.0
610,0.3425889806352286,0.8564339945724795,0.0,0.17475293993675425,0.3444053037794313
611,0.3912535708237185,0.19346523635633617,0.7832588711721211,0.3962326591281189,0.19747674852931715
612,0.3073800939149623,0.15208739638535085,0.15515276085574423,0.9264526553064623,0.0
613,0.2713653616358727,0.0,0.13634973066584608,0.9527694324712475,0.0
614,0.3642338526444468,0.7236565813618444,0.17957822351583247,0.5580380941104015,0.0
615,0.408108943853043,0.6065066891482691,0.6162729547367214,0.2056730576944034,0.20857364302390705
616,0.30856526461058176,0.9252569243025355,0.15164988208697325,0.0,0.16027917759029414
617,0.4262410604310605,0.6390099759248937,0.2157111343924144,0.4252555134844846,0.4273303918764224
618,0.39185314039862845,0.5896941373316891,0.0,0.39324456588681794,0.5865753593161375
619,0.39170525917528215,0.3903178677503653,0.1940043673244391,0.7855241612238525,0.19882919715635475
620,0.3790415318802135,0.0,0.7489115819076794,0.39148583227655703,0.3770912392527433
621,0.3925197749619455,0.7830507055545751,0.19776846783926463,0.1968724117309214,0.3935590240638194
622,0.31008179527884366,0.0,0.9240160067681006,0.1583767187599305,0.1579889693232432
623,0.3648666053426385,0.17949422696508097,0.7282428080287304,0.551648978378803,0.0
624,0.3430121237009463,0.34320449719803703,0.17060072791282269,0.0,0.8575830850318963
625,0.42733374536540214,0.4263838813839163,0.42662061671017215,0.21656969013369878,0.6377108078754743
626,0.3933814164883659,0.38894191961414015,0.7840477076666413,0.19864901351350278,0.19945677692490585
627,0.3023332437145824,0.0,0.9035175203515504,0.30372800358676943,0.0
628,0.4275605122364798,0.42398051277999493,0.6370481018156221,0.21608280286161713,0.4300121759200217
629,0.4271923876087507,0.4254695654512701,0.4265335871745477,0.6391905057476883,0.21444558568053831
630,0.24298373706976642,0.0,0.0,0.0,0.9700303621637885
631,0.3238870783458902,0.0,0.4744895054648824,0.8185089307296864,0.0
632,0.3434969400988935,0.1704485731322074,0.8574976662915678,0.34300858351418384,0.0
633,0.4095012358801807,0.6108459986165471,0.20383866049929264,0.6121461392297979,0.20712993144078687
634,0.3933734594254488,0.7827068201773713,0.193098830087959,0.39508408044506066,0.198113013870935
635,0.3552524763684813,0.8823778178558398,0.17665178420503824,0.17852139205965753,0.17924654614325627
636,0.32548463663000327,0.48782162464557954,0.0,0.0,0.8099937122262011
637,0.3438947018438567,0.8568305818645481,0.16860945760309354,0.3451791402042938,0.0
638,0.3109861576364614,0.9238489660447979,0.0,0.15948627554182448,0.15606032682993204
639,0.3258654020970342,0.0,0.808337916154834,0.4903076106105214,0.0
640,0.36579198981741695,0.1807766125280544,0.5417620696861082,0.7348536564498546,0.0
641,0.39311600313217,0.3840295882627196,0.5891861828839148,0.5923180947082709,0.0
642,0.3792615733448793,0.36874579488040793,0.7573101653470626,0.3829732512904621,0.0
643,0.37971024635823625,0.7563856499040724,0.0,0.375672333603566,0.37758598384290243
644,0.34563582685272776,0.8545979096754598,0.0,0.3472070936587537,0.1721787503939066
645,0.31021130839774874,0.9254003925172565,0.14842807364184138,0.1592864232319767,0.0
646,0.36729771856385696,0.5453813069875229,0.18377311241499672,0.7306702806873097,0.0
647,0.3796422889087857,0.37508491618232903,0.3756713930366651,0.757663541803672,0.0
648,0.36724874640434074,0.5438125246622015,0.732442507771302,0.0,0.18145045906430968
649,0.42919844297094584,0.42260352330294726,0.6389579370691135,0.4288580038362638,0.21215212901408487
650,0.3464329448884421,0.8557817272876868,0.34175143893509413,0.0,0.1755784836539424
651,0.2732770635799277,0.953688332745769,0.1256909324721852,0.0,0.0
652,0.371555188510118,0.7259962249080858,0.5443375710348145,0.0,0.1963996743132157
653,0.4526783027664038,0.4460546765444184,0.44794338995426647,0.44300100506178,0.44633441347034297
654,0.34758610359301495,0.0,0.854319302527295,0.3495359746220625,0.16476356503580206
655,0.3043481105838559,0.0,0.0,0.9069357257692467,0.2912727534587585
656,0.43290760605394,0.6359175794411364,0.42872692377553157,0.4233883587729597,0.2124508396403312
657,0.33879060348664664,0.0,0.6584004990838371,0.672108406282281,0.0
658,0.3036475525508164,0.9127356264299172,0.27333466680149754,0.0,0.0
659,0.38628909315434623,0.7505055849730368,0.3753720314402769,0.0,0.38290722302755337
660,0.3746375587952478,0.5350918205665731,0.7338735140700121,0.18642185614680318,0.0
661,0.4030122008352237,0.3931334187294797,0.0,0.5897233422131054,0.5790109331480933
662,0.4033549167406355,0.7791728994577666,0.39203832706329234,0.1972416043886359,0.19389714671274547
663,0.3554162215999182,0.8592877631245032,0.32731502245206545,0.16783541236976668,0.0
664,0.3991770008588596,0.7483577269825985,0.35437739758763054,0.3937449612754214,0.0
665,0.4492074598645383,0.6274616516059818,0.42798582858875006,0.20033193541526562,0.4256756745997093
666,0.4880270891869168,0.662310946074322,0.5343747892303077,0.19395194137967695,0.0
667,0.5221125392396325,0.43846240977632456,0.0,0.6446583578598837,0.34578145297757085
668,0.4594293061604222,0.7535794122377266,0.4701518713058531,0.0,0.0
669,0.45445150847192206,0.0,0.17209589165173417,0.8558215428778777,0.1772746943878851
670,0.47552598977459404,0.6088593874159363,0.6349529741676809,0.0,0.0
671,0.45175617797130874,0.0,0.8337305189652758,0.0,0.31750555492880284
672,0.4538734445324468,0.2826763869740632,0.8450402100465643,0.0,0.0
673,0.42275882616928473,0.0,0.894055168930183,0.0,0.14812268497833284
674,0.4947385248853988,0.0,0.6945149229862756,0.0,0.5223818658257455
675,0.5272409556898177,0.0,0.18728295158369881,0.7467114850603326,0.3596721128588906
676,0.5266491119822683,0.0,0.3568460460838388,0.7507684949733344,0.1778996323720022
677,0.5329471408038193,0.1860419903031721,0.7325603993069789,0.0,0.38040896982099126
678,0.4710876286724496,0.0,0.3270464707369619,0.0,0.8192173411801448
679,0.5517453783179188,0.19382524412861532,0.5665958361970582,0.0,0.5804980367300613
680,0.3807274488242065,0.0,0.9246873037474945,0.0,0.0
681,0.4990672035293746,0.0,0.5150206112900405,0.0,0.6969115412359038
682,0.5523086312048214,0.0,0.5680585462669413,0.1948723235948197,0.5781776901667007
683,0.4230116676741496,0.13000071408874964,0.8967502123489852,0.0,0.0
684,0.5007718273229474,0.0,0.0,0.6963450995977349,0.5141313832337572
685,0.5369583301224647,0.0,0.7300798150697149,0.190499128195524,0.37731856235363015
686,0.5015295787571433,0.693469961915366,0.0,0.5172692660044506,0.0
687,0.5566141483812561,0.5701829124030796,0.20235632035270856,0.0,0.5693189403477308
688,0.5770561345851368,0.39868913660522526,0.5853850923317808,0.0,0.4066663049311475
689,0.4317011406594962,0.0,0.15078323189902884,0.0,0.8893247675238634
690,0.47476785054216547,0.0,0.0,0.8173044294398536,0.32651027198170596
691,0.431641476763109,0.15020041897913206,0.0,0.0,0.8894523425548192
692,0.5025692840930593,0.0,0.0,0.5110896662358497,0.6972886545420897
693,0.5511025582250751,0.16637627351841558,0.0,0.5731225668159405,0.5832113076186116
694,0.5761033010031992,0.0,0.38655895363325526,0.6063956793859987,0.3885375682751581
695,0.38499667264207554,0.0,0.0,0.9229179606305917,0.0
696,0.43263582255583555,0.0,0.0,0.8895472496950606,0.14673764207383577
697,0.47740377597137607,0.0,0.0,0.326799378310658,0.8156517645564433
698,0.604054284465339,0.20668989541353147,0.6119895047266332,0.2093405184055298,0.41718473367462156
699,0.5794711049184031,0.4008466579570561,0.395849930203752,0.0,0.5889295612609275
700,0.4771725149052911,0.32305937927062006,0.0,0.0,0.8172753688226762
701,0.49250810433215847,0.16809096306023688,0.8363632961911903,0.0,0.17227197128039431
702,0.538779049085753,0.18347910167794254,0.3676524175304463,0.0,0.735448336321271
703,0.5394462914230774,0.0,0.18252806419974432,0.3719928325192045,0.7330092339143631
704,0.4799534629034993,0.8114131477588635,0.0,0.0,0.33354666403817046
705,0.49165684212074434,0.1638096211282472,0.0,0.8380423181343191,0.1706605714209762
706,0.5427996384325259,0.3637176127599803,0.7299839163336819,0.0,0.2005031984279569
707,0.4776244604303325,0.3204551079579245,0.0,0.8180363063961824,0.0
708,0.4922628071498778,0.1668459051974478,0.1684795507687723,0.0,0.8375287538876017
709,0.5401131731862959,0.3674939997859742,0.18512891052747898,0.0,0.7341343247382223
710,0.5075260416679197,0.5190556898502265,0.0,0.6877488697649736,0.0
711,0.4781235370490357,0.0,0.31687959590415316,0.819136865865125,0.0
712,0.43607250027864175,0.1484807169840689,0.0,0.8875777437411503,0.0
713,0.5411843616025663,0.0,0.3643965117278828,0.18561869954041035,0.734765518637273
714,0.43585999096735933,0.0,0.14612362368736737,0.8880731697751072,0.0
715,0.5835337776288231,0.0,0.5814752879450734,0.4069036366474171,0.39472047116730086
716,0.5608267586376752,0.0,0.5589187624720711,0.5806218333213519,0.18963504534552594
717,0.5088112907186515,0.6881714412272705,0.0,0.0,0.5172341229234604
718,0.5827666405296756,0.0,0.3905903116151454,0.4001622128845135,0.5896545213406819
719,0.4973362197276068,0.0,0.8324876234031052,0.17248643783649073,0.17282786288727256
720,0.49478739716308306,0.0,0.16782709424547762,0.16763123770259464,0.8360139150707941
721,0.4947543383199804,0.16849187103459962,0.0,0.1666674012611856,0.8360924658586879
722,0.5092140929630361,0.0,0.6871200645418428,0.5182345264760407,0.0
723,0.5628920718075945,0.1856065742689901,0.7567167520518059,0.192807712062576,0.19725024313709733
724,0.5401221036661458,0.3640338843020032,0.0,0.1757316970396702,0.7381502657771051
725,0.4372199831937592,0.8872412557531834,0.0,0.0,0.14711097982667123
726,0.43820369314975105,0.0,0.8862500975175344,0.1501275722846391,0.0
727,0.4962196471657135,0.8343943878156985,0.16349644166417437,0.0,0.17555905249104595
728,0.6086236708426512,0.20942473226442793,0.40974790300050895,0.2077924084478524,0.6120845364687099
729,0.5806392552725252,0.39866220175203704,0.0,0.3659190706121424,0.6083006969362531
730,0.6062527038489245,0.20335403668321217,0.20352843658237643,0.6202624416025453,0.40614710866888326
731,0.5627531938511314,0.19105622128897243,0.1898801872299759,0.19190743023793536,0.7575773332367538
732,0.5446796484682964,0.7279034804939375,0.18818514488130844,0.0,0.3715736197246328
733,0.6073070623074733,0.2053613709468472,0.2012019518110771,0.41436212743026984,0.6138620702838479
734,0.3898130209516726,0.0,0.0,0.0,0.9208940268546272
735,0.5619848814624112,0.0,0.18868450469869819,0.5764992816800866,0.5623341790400351
736,0.5608274280408132,0.18861909771331759,0.18676698241314266,0.7615234702986674,0.18733801109092635
737,0.608241727903368,0.2059818238036924,0.40656045981181677,0.6172459610066126,0.2032965932775496
738,0.540710184378025,0.3326193446969218,0.748212596113446,0.19280762189407838,0.0
739,0.5460734290262483,0.19241433526438143,0.0,0.7294016523127069,0.3643538984281272
740,0.6370948021376593,0.42812537881971086,0.21801124829759036,0.42398240864747383,0.42840271459558776
741,0.6367475122470061,0.21360934961862552,0.42352978726615587,0.43115077535592317,0.4285500899673542
742,0.5445307355299763,0.18100436867904351,0.0,0.3663193532238434,0.7324846947451865
743,0.49427004969638244,0.1550551346157901,0.8387628355692416,0.16772575494020076,0.0
744,0.610018331169374,0.20242069974439206,0.610085190859847,0.4152735380733131,0.2055418313188322
745,0.563465945245199,0.18410250203946038,0.5683226014165481,0.5706328224093603,0.0
746,0.4843869370370112,0.8121845682140604,0.0,0.3251546130425383,0.0
747,0.5124405890963731,0.5178692055532101,0.0,0.0,0.6849935244849027
748,0.5672178728170719,0.564255412608569,0.56479861459799,0.0,0.20219356826318885
749,0.4973544631487956,0.16656261845683706,0.16536593692716345,0.8351943121351922,0.0
750,0.6115507084224162,0.4094141294350937,0.21163929166890924,0.20289549365787352,0.6102688182450055
751,0.5464721797619778,0.7289314167109442,0.0,0.3693677974314601,0.183288233933879
752,0.5479122386715609,0.7271513737058678,0.0,0.18982777020768268,0.3674349957333502
753,0.567343350310899,0.568569246962096,0.20028534067991227,0.5610136509708932,0.0
754,0.6120961937477593,0.6097152074132385,0.20676565175209427,0.20423649797837692,0.41124327787527065
755,0.5412459120768214,0.3586593840988423,0.0,0.7424126355587695,0.16504480428250556
756,0.5883372141816544,0.39473143363880825,0.3994985364083356,0.5817622685547928,0.0
757,0.5477885070708467,0.3661095562511747,0.18554158237750223,0.7290170543625942,0.0
758,0.39337806931780517,0.9193767968465356,0.0,0.0,0.0
759,0.44382728161096013,0.0,0.0,0.15456127213476661,0.8826823648708001
760,0.5017847809880623,0.8306598084676937,0.0,0.16933707560828523,0.171875742877261
761,0.6127149488169078,0.4087627388075058,0.2065578977461933,0.6109601506527719,0.20385029814031763
762,0.5895190502810362,0.5791306400424078,0.0,0.4027157131942724,0.3935670787378494
763,0.5493721842301119,0.0,0.7245688999887827,0.37449075093798406,0.1815125059746193
764,0.548237410639396,0.18385788249089535,0.3613148499360877,0.7314940873561705,0.0
765,0.44428828539249837,0.8830351711719069,0.0,0.1511846749389477,0.0
766,0.44012906658697365,0.8874765410011131,0.1366447727429746,0.0,0.0
767,0.5146051121364149,0.0,0.5027123804281052,0.6945947315718539,0.0
768,0.6142330504147354,0.6112811622950667,0.20697858801393337,0.40544535483602134,0.2045165732821002
769,0.48832032484098314,0.0,0.8095179723905495,0.32592010174871094,0.0
770,0.5892421896331144,0.3909292818079624,0.5929368584056965,0.385219185043355,0.0
771,0.5661386812900273,0.5778489792263674,0.0,0.5612723375212841,0.1747881972206013
772,0.550051593280518,0.1757993563085834,0.7265268400928884,0.3724198996773589,0.0
773,0.568229944051706,0.5663388863242949,0.0,0.18174799192776941,0.5686322748052347
774,0.5706252167710327,0.7524828217134205,0.18668363606717517,0.18963822344845252,0.19324344553767817
775,0.5522192950204854,0.7267032903803822,0.3629482809475536,0.0,0.18768250668248093
776,0.6190552644616821,0.4024514339842809,0.6043249762012258,0.20615922703013997,0.2170094907509711
777,0.5035390346678282,0.8327792139471255,0.15564929766473273,0.16941227086570534,0.0
778,0.5949654229082727,0.5836373080988185,0.4043030300686571,0.37672629058249685,0.0
779,0.5129132982416749,0.4300452189621786,0.7429542772840186,0.0,0.0
780,0.6488632528391953,0.42277189905701723,0.4251300353544643,0.4142055834493511,0.21894882544000194
781,0.5553043578875607,0.726348842174396,0.1741174139489929,0.36570145712413177,0.0
782,0.49083870240676875,0.8215548231857469,0.29004317044170486,0.0,0.0
783,0.6275314925926818,0.5947151005877888,0.4094270753938887,0.1959356428746141,0.21563132593149778
784,0.5652656297494297,0.7343319890639335,0.33228454922387135,0.17555134863758948,0.0
785,0.6115009676197691,0.48932261929724863,0.6055218255202194,0.14132678324658374,0.0
786,0.6479602154035078,0.3262921549644712,0.0,0.5208593857383405,0.44987385915516365
787,0.6230418897275318,0.6204760456732474,0.4762649266851763,0.0,0.0
788,0.6131336079407341,0.0,0.7168522840579404,0.0,0.3319487635983781
789,0.6546967434435342,0.0,0.5353997602028646,0.0,0.533590920930207
790,0.581606614540562,0.0,0.799904367460782,0.0,0.1479417075737347
791,0.7366632940771264,0.3994594469167131,0.38885367076619204,0.0,0.38282132145439435
792,0.5344272207074199,0.0,0.8452144968982387,0.0,0.0
793,0.6473513774736311,0.0,0.33871452182582723,0.0,0.6827947471878305
794,0.7148085376272315,0.19010083952684378,0.5511584566094491,0.0,0.3861797263636427
795,0.5360314348361782,0.0,0.0,0.8441980223072475,0.0
796,0.7171323464798905,0.0,0.550781026962762,0.1955157424394039,0.37965122471613394
797,0.602065034205719,0.0,0.1608022815941006,0.0,0.7820871567932809
798,0.668550160462616,0.0,0.16845342765891544,0.7028995522451843,0.17491810972249974
799,0.6738138047844621,0.17792588062611955,0.693573973208907,0.0,0.18240745920196563
800,0.7189058763015668,0.5538178195264551,0.1954490018129303,0.0,0.37183309627354044
801,0.6521199414197384,0.0,0.0,0.6784885231396026,0.3382202033743076
802,0.6544152993458174,0.6717859486765808,0.0,0.0,0.34705079619967777
803,0.5405529606673606,0.0,0.0,0.0,0.841309988478534
804,0.6039008521178495,0.15557252598168636,0.0,0.0,0.7817294608565121
805,0.7757241452787512,0.2142614202198695,0.4002540775024935,0.19794519432717128,0.39109905103735804
806,0.7174655167073702,0.0,0.3606490253085675,0.566834976272919,0.18404788114370052
807,0.6040165780868554,0.0,0.0,0.782031776902212,0.15359125401992904
808,0.6545613655171157,0.3352938195509699,0.0,0.0,0.6775894578159333
809,0.7205614166619203,0.0,0.36749104854405573,0.19137211281869493,0.5559840721580661
810,0.6750330451831844,0.17614979556005955,0.17298079911733352,0.0,0.6952548313903291
811,0.607945345647846,0.7772533227912888,0.0,0.0,0.1621102369223544
812,0.7206662473476222,0.18969038264799204,0.3651500938791902,0.0,0.557963374787963
813,0.6085920385970537,0.163127359969239,0.776534091322299,0.0,0.0
814,0.6762774153308734,0.0,0.17543721864693104,0.17474750663400854,0.6937823496976696
815,0.7222977198897007,0.36685873005012276,0.0,0.5527344604059737,0.195410573684916
816,0.6574739940171891,0.3441233802880833,0.0,0.6703036970882588,0.0
817,0.6801903789451297,0.0,0.6874075554344894,0.1799461953333533,0.18008683435251732
818,0.7784614819222716,0.39714317686116746,0.21460767603514486,0.19747573558717782,0.3888725980023501
819,0.7232694763164836,0.36720116649744056,0.5517484273337384,0.0,0.19395422368833617
820,0.6054118001005547,0.0,0.14950961415369324,0.7817438375674092,0.0
821,0.6568254396740884,0.0,0.0,0.3331774333517729,0.6764415271862495
822,0.7223923807053025,0.3693142837259014,0.18581591167134207,0.0,0.5542821078698985
823,0.6778810735857771,0.0,0.515891755379401,0.5237680276665946,0.0
824,0.6780112416627315,0.5237282257284039,0.0,0.5157610898025743,0.0
825,0.7510993073896055,0.18794283514858268,0.5698996700975975,0.19459332973781063,0.19461532108076496
826,0.6103167962845188,0.0,0.0,0.15491633081086822,0.7768618529835911
827,0.7239172298292939,0.0,0.18211276288462327,0.36927478940738045,0.5535475732572092
828,0.7241187640956338,0.0,0.18339666745701752,0.5537020166595956,0.368010535986905
829,0.6802713600687833,0.1697245801621709,0.0,0.1743935980266964,0.6913836247165864
830,0.6584602426450121,0.0,0.3214242371845439,0.6805266847128081,0.0
831,0.7257122594663707,0.18481527204554674,0.0,0.3666412565120379,0.552050016486024
832,0.780070442269017,0.19885489083108077,0.19336177300413007,0.39871506200943296,0.3944418354564995
833,0.7522628055868527,0.19002425310979829,0.19083582188966164,0.1917883043990435,0.5699038427139245
834,0.680994716741061,0.17231607424165657,0.0,0.6916271809146574,0.16794406494053277
835,0.7527290423242649,0.0,0.3761667082168811,0.38797119553902304,0.37599993072192445
836,0.7264200407304574,0.17996516644440338,0.3689629034937761,0.551174055210549,0.0
837,0.6825277717861088,0.0,0.0,0.5098136515493243,0.5236849066324459
838,0.7529093267150259,0.18971373892007326,0.18947199623577535,0.5708744342229725,0.1879866644300178
839,0.7264888711464704,0.5528604952420311,0.367331663230302,0.0,0.17783880928954549
840,0.7286777853833512,0.0,0.5431081412423925,0.37500209872260704,0.1828541986356564
841,0.7272849911864506,0.17691305746995797,0.5490210822835252,0.37193300861819556,0.0
842,0.6164947717716472,0.7710600112609642,0.0,0.1593758307036117,0.0
843,0.7269866781282139,0.5521719750223676,0.0,0.1762411997479619,0.36815148965528
844,0.6656080801139643,0.0,0.6649119966073977,0.33890694955188855,0.0
845,0.617021334982668,0.15982479271616185,0.0,0.7705457207781004,0.0
846,0.6849945606458027,0.6863834663932796,0.0,0.17216030617589015,0.1732657436570572
847,0.7834517098896351,0.19641629512574268,0.3908864077938111,0.3950570048504837,0.19688025904264617
848,0.6177560607595607,0.0,0.7701296290534059,0.15898994889266851,0.0
849,0.7298933684024387,0.367739128025987,0.18349914822228272,0.5462157697124145,0.0
850,0.6865220103826558,0.6841448012474781,0.16650082247249995,0.0,0.181413605614866
851,0.7291888271307443,0.550412367085298,0.0,0.36374961953560925,0.1817033154209028
852,0.6863014934539178,0.1760084146635089,0.17056467276216267,0.6847765989401919,0.0
853,0.665915849171992,0.6681808098787944,0.0,0.3317988654761546,0.0
854,0.7314345381245984,0.5462096584111213,0.18867731678282082,0.3620212640557132,0.0
855,0.5552964613154786,0.8316524755271922,0.0,0.0,0.0
856,0.7857308722090639,0.3913481949833978,0.1991919493571546,0.3895115925662554,0.19513296315235046
857,0.6864606157692789,0.1670943032423636,0.6862785671753197,0.17283820485471935,0.0
858,0.7304502036297342,0.3618353924464449,0.0,0.17730477829933078,0.5514350953490649
859,0.6877379482272735,0.5077077339158179,0.0,0.0,0.5188924469388672
860,0.7575412126283764,0.37168429605908865,0.3810738497015249,0.37784231672252994,0.0
861,0.759671618785763,0.5615559785067468,0.19325596218651123,0.1866316033993343,0.18808161076167962
862,0.7344618008597388,0.538167220882393,0.3723668699755778,0.179679769562915,0.0
863,0.6163740450154989,0.7750714671296401,0.1390944192724467,0.0,0.0
864,0.6740305467092665,0.3226552365451807,0.6645121672571398,0.0,0.0
865,0.7341544337304476,0.159144365815522,0.0,0.5598812639893967,0.3496045029697649
866,0.6708161579885182,0.6812264914239905,0.29314868166799457,0.0,0.0
867,0.6983239525014545,0.6758045293911955,0.16187700906567193,0.17154512337295746,0.0
868,0.7698046304829999,0.3886038688018667,0.0,0.34946153256203005,0.3664212074901653
869,0.7534057863237194,0.3326573241204842,0.5344187260640275,0.19004065637394277,0.0
870,0.7383699597006744,0.4500858413804222,0.5022275759060846,0.0,0.0
871,0.7533090759126517,0.0,0.5645614978152608,0.0,0.3373362585495609
872,0.7226218056883364,0.0,0.673180240486591,0.0,0.15699073145298553
873,0.7816734416077837,0.0,0.3692352196512751,0.0,0.5026449872963197
874,0.678815742339242,0.0,0.7343086462465384,0.0,0.0
875,0.8187142222185091,0.17121626908640386,0.5158077201921537,0.0,0.18529545954352672
876,0.6862952769750893,0.0,0.0,0.0,0.7273230319477622
877,0.756280845059174,0.0,0.16728780908828056,0.0,0.6324982785170445
878,0.8447757622303756,0.35758277698694113,0.17655919131845824,0.0,0.35681272554572313
879,0.8463881435411509,0.35912269973319366,0.35012944566949444,0.0,0.1790736392785918
880,0.8495231010873794,0.0,0.3478929984958281,0.17622119036832135,0.355284469660068
881,0.801144951739903,0.0,0.0,0.32908261501881747,0.4998713822515201
882,0.7589642767497788,0.15108240109097276,0.0,0.0,0.6333619302565254
883,0.8511261929318795,0.1844128936167528,0.3438795017373376,0.0,0.3511737129371469
884,0.8278189351092399,0.0,0.5026370659499135,0.17509583477632754,0.17723780424008706
885,0.7613093586532216,0.0,0.0,0.15702638231054275,0.6290872560189753
886,0.8028133608065864,0.332799569454866,0.0,0.4947071399131912,0.0
887,0.8783349466859262,0.184970764859502,0.3596114767370206,0.17934413019288492,0.18118721351656913
888,0.8024142921624299,0.0,0.32582879988309404,0.49996689580432174,0.0
889,0.6974449912203863,0.0,0.0,0.7166383217646092,0.0
890,0.8241868989254988,0.1611566288878724,0.16856278818131562,0.0,0.5160727497607359
891,0.7650444099587285,0.6234214752492337,0.0,0.0,0.1614085344365967
892,0.8044319911423629,0.49317531031677186,0.0,0.0,0.331160512320973
893,0.7651700278849981,0.0,0.0,0.6235856722536649,0.1601740858766365
894,0.8792135089835732,0.17847293318103544,0.1809405409530846,0.18102846433116465,0.36002810096443244
895,0.8520945526746028,0.17182213901941612,0.0,0.3498134911573621,0.34934588483243834
896,0.8277340325756452,0.0,0.16756741554879798,0.5079202441133835,0.16968959361775285
897,0.7648683268352261,0.0,0.1546333198137691,0.6253518841481605,0.0
898,0.8525063227085994,0.0,0.16880316943065093,0.34764767125408885,0.3519652772698426
899,0.8278544433018138,0.0,0.16961447705830926,0.16334813223675307,0.5091221244185372
900,0.7699947370223095,0.0,0.6163407905454831,0.16502161939489418,0.0
901,0.8074600983839825,0.4920784194864773,0.0,0.32537212325800086,0.0
902,0.8087157390111498,0.0,0.4829975487790965,0.3356966209973437,0.0
903,0.7690217262350904,0.15802353300188235,0.6193820691592586,0.0,0.0
904,0.8309438400707556,0.1647503190682847,0.0,0.17184991010246245,0.5028491577134644
905,0.8556486202727711,0.0,0.34133739989194123,0.34745565726421795,0.1750108119385844
906,0.8092855455714424,0.0,0.0,0.48621135280239175,0.3296292252443661
907,0.76845823222,0.1534489597496683,0.0,0.6212289127890437,0.0
908,0.8830033102694058,0.352110600982826,0.18040207390077664,0.17624958298362386,0.1808713768377459
909,0.8310675386490181,0.1643674275355039,0.16875630430334004,0.5038168364863389,0.0
910,0.8559096934064852,0.1687995189059568,0.3459253204086303,0.3453418478118757,0.0
911,0.831811186736256,0.1695539866554132,0.0,0.5025218519687723,0.16374792677635
912,0.8566555378286052,0.3381445580748876,0.1734801777555791,0.3488612550539469,0.0
913,0.8831711277477253,0.17476487060629448,0.17630580453010497,0.35519539303164194,0.17949511183557654
914,0.8085171587008182,0.307900014531602,0.0,0.0,0.5014953490689574
915,0.8334991146671561,0.499170042747331,0.0,0.1662584881391061,0.16872050673938074
916,0.856984553994434,0.34254919291096786,0.0,0.34631128417607004,0.1682439273891536
917,0.8099678364164977,0.49578921657554526,0.31328127409435863,0.0,0.0
918,0.7077394032531493,0.7064735926295307,0.0,0.0,0.0
919,0.8344112297254526,0.4993622729419096,0.1652608588890698,0.0,0.16457238100481766
920,0.7729262804419637,0.6161962906206897,0.0,0.15128481889288672,0.0
921,0.8589851950034996,0.3421586369717897,0.0,0.16403735412187714,0.3437493976185279
922,0.837561896959274,0.4917588328034329,0.16613469185464294,0.17047751547975667,0.0
923,0.860573271520984,0.3404591494545788,0.3375445258907626,0.17194448213745095,0.0
924,0.7753086082550253,0.6150531560306537,0.1435485187049593,0.0,0.0
925,0.8374342897203394,0.15192378867977424,0.4977628094881013,0.16689864686175904,0.0
926,0.837162579157491,0.286455145999747,0.4659423412705067,0.0,0.0
927,0.8623975654111609,0.0,0.41309334154628413,0.0,0.29261635351262827
928,0.8352100176593966,0.0,0.5306195423847159,0.0,0.14445458677669212
929,0.8000751512262659,0.0,0.5998997852893994,0.0,0.0
930,0.8810522070167159,0.0,0.25532436200713704,0.0,0.398191510050908
931,0.8065315583800745,0.0,0.0,0.0,0.5911910396284848
932,0.9123811679483508,0.18289404524120553,0.34124442468742044,0.0,0.13290077203787187
933,0.9161966426941892,0.17548330097357043,0.14584197092755719,0.0,0.3294228931195902
934,0.8763591314358319,0.0,0.0,0.15132106604963028,0.4572708253525889
935,0.8996470676698137,0.3079674358491314,0.0,0.0,0.309501554260422
936,0.8681491898550946,0.0,0.11084973458770207,0.0,0.48376577028121687
937,0.9222568579977108,0.0,0.15413810009906936,0.1596464027073059,0.31653871813201023
938,0.9233744573205208,0.0,0.30908313337157745,0.16300371735174704,0.1589874723453178
939,0.9005254368251077,0.0,0.0,0.3062840633195566,0.30861628308858025
940,0.9225909897320611,0.1537338222302278,0.0,0.16080241956208058,0.3151735385952969
941,0.826112607225469,0.0,0.0,0.5635050666880805,0.0
942,0.880095404959048,0.14789007017234646,0.0,0.4511769113267962,0.0
943,0.9012976338341242,0.29893210253233593,0.0,0.3135317740207617,0.0
944,0.8833944977960612,0.0,0.15385880298151267,0.4426529453293415,0.0
945,0.9025249008827961,0.0,0.30442499965603537,0.30458861251025426,0.0
946,0.9250974335254973,0.30630447131999317,0.1567862203454565,0.0,0.16059386801401657
947,0.9476957002147468,0.1576605464594634,0.16271793862858244,0.15548119738866786,0.1623714309588825
948,0.9243693689130384,0.0,0.15187840723181995,0.3125277108593969,0.15748221860585387
949,0.9028895550618784,0.31995206825676464,0.2870907964013858,0.0,0.0
950,0.9249486096844766,0.1526655560388692,0.0,0.3095845897315789,0.15912472857110097
951,0.8833074034929876,0.0,0.0,0.4446143006688074,0.14861411297472277
952,0.9246612068798288,0.151922096536927,0.1571853008712088,0.3117917738898679,0.0
953,0.8837117415349595,0.14895630094657888,0.0,0.0,0.44369536653154407
954,0.8848156096249524,0.44007400600477636,0.0,0.15308888334210208,0.0
955,0.8851669521508332,0.43922753440886797,0.0,0.0,0.15348824006128683
956,0.9255808810308117,0.15717345756627962,0.308402993089563,0.153245328673621,0.0
957,0.9268139489688215,0.30325343726879117,0.0,0.1566198628327974,0.15659972971789454
958,0.9264226553789489,0.30680626692045904,0.14760522114690244,0.16069747001469364,0.0
959,0.8332180219779477,0.552944597451821,0.0,0.0,0.0
960,0.8877788868699273,0.0,0.43457988863797276,0.1516211344747162,0.0
961,0.8852381947446316,0.44398998386321586,0.13865869173768736,0.0,0.0
962,0.8818002706454499,0.11337846571836815,0.4577920993212531,0.0,0.0
963,0.9364405438519471,0.06299215871324775,0.2529659753851331,0.0,0.2347750222412145
964,0.9145448800265049,0.0,0.382872812151441,0.0,0.13044566735830349
965,0.9495958275518739,0.0,0.0,0.13924255718779657,0.2808545434275098
966,0.9501398340148844,0.1432322390444494,0.0,0.0,0.2769816266767192
967,0.9151676558018169,0.0,0.0,0.4030733950215606,0.0
968,0.9505463338669471,0.14012953581231993,0.0,0.27717391718040546,0.0
969,0.9157303047959032,0.0,0.0,0.0,0.40179349033851
970,0.95115095861265,0.1441791388328986,0.2729912633320728,0.0,0.0
971,0.9505175094308466,0.0,0.13499077868066603,0.27981056795011877,0.0
972,0.9516339339545035,0.2743550347689325,0.0,0.13828293691997356,0.0
973,0.9700634873093991,0.0,0.135950725136755,0.14109663038036918,0.14347812313806965
974,0.9497007109377101,0.0,0.12367700401560944,0.0,0.28770220423578796
975,0.9517091447814561,0.0,0.0,0.2756649689536565,0.13512412305406202
976,0.9703457798929772,0.13664420666520724,0.0,0.1410166500871413,0.14096713314431356
977,0.9703764967804107,0.13989344385370484,0.13860861588212664,0.13995331530967356,0.0
978,0.9523411436436374,0.27200052775737643,0.13806541573919776,0.0,0.0
979,0.9531761621824565,0.0,0.2662643399930194,0.14338237372566112,0.0
980,0.9707663142057192,0.14379495916861385,0.13451217721915656,0.0,0.13726706488047904
981,0.9536603477664517,0.2663708896067705,0.0,0.0,0.13992315844086697
982,0.9208692089016899,0.3898716456691557,0.0,0.0,0.0
983,0.935142698409047,0.0,0.3542712712205803,0.0,0.0
984,0.9634779521162438,0.0,0.23771586313421683,0.0,0.12329397471183817
985,0.9681779027013409,0.0,0.0,0.25026295914664015,0.0
986,0.9839119662974474,0.0,0.0,0.12709476809198306,0.12555541605337317
987,0.9838843147718743,0.0,0.11915958806421406,0.1333140942220522,0.0
988,0.9687317697249942,0.0,0.0,0.0,0.24811037528785596
989,0.9844293942938707,0.12304185119441285,0.0,0.1255367297043171,0.0
990,0.9699225264238692,0.2434138302059655,0.0,0.0,0.0
991,0.984966099974977,0.1248189415139844,0.0,0.0,0.11942367327884439
992,0.985112086545095,0.1252744831686493,0.11773054323155592,0.0,0.0
993,0.9862252232099863,0.0,0.10724218690418466,0.0,0.12593221372000354
994,0.9749909313507282,0.0,0.2222446484931404,0.0,0.0
995,0.9934211857646936,0.0,0.0,0.11451789237438076,0.0
996,0.9939256427465615,0.11005369912381208,0.0,0.0,0.0
997,0.994028151870463,0.0,0.0,0.0,0.10912393545410512
998,0.9946195548178404,0.0,0.10359508276921708,0.0,0.0
999,1.0,0.0,0.0,0.0,0.0
